"BenchmarkTest00001.java","true"
"BenchmarkTest00002.java","true"
"BenchmarkTest00011.java","true"
"BenchmarkTest00028.java","true"
"BenchmarkTest00040.java","true"
"BenchmarkTest00045.java","true"
"BenchmarkTest00060.java","true"
"BenchmarkTest00061.java","true"
"BenchmarkTest00062.java","false"
"BenchmarkTest00063.java","true"
"BenchmarkTest00064.java","true"
"BenchmarkTest00065.java","true"
"BenchmarkTest00131.java","true"
"BenchmarkTest00132.java","true"
"BenchmarkTest00133.java","true"
"BenchmarkTest00134.java","false"
"BenchmarkTest00135.java","true"
"BenchmarkTest00136.java","true"
"BenchmarkTest00137.java","false"
"BenchmarkTest00215.java","true"
"BenchmarkTest00216.java","true"
"BenchmarkTest00217.java","false"
"BenchmarkTest00218.java","true"
"BenchmarkTest00219.java","true"
"BenchmarkTest00220.java","false"
"BenchmarkTest00221.java","true"
"BenchmarkTest00222.java","true"
"BenchmarkTest00261.java","false"
"BenchmarkTest00262.java","true"
"BenchmarkTest00263.java","true"
"BenchmarkTest00264.java","true"
"BenchmarkTest00265.java","false"
"BenchmarkTest00359.java","true"
"BenchmarkTest00360.java","true"
