"BenchmarkTest00016.java","false"
"BenchmarkTest00087.java","true"
"BenchmarkTest00088.java","false"
"BenchmarkTest00089.java","false"
"BenchmarkTest00169.java","true"
"BenchmarkTest00170.java","true"
"BenchmarkTest00241.java","true"
"BenchmarkTest00242.java","false"
"BenchmarkTest00300.java","true"
"BenchmarkTest00348.java","true"
"BenchmarkTest00403.java","true"
"BenchmarkTest00404.java","false"
"BenchmarkTest00405.java","false"
"BenchmarkTest00491.java","true"
"BenchmarkTest00565.java","true"
"BenchmarkTest00566.java","true"
"BenchmarkTest00655.java","false"
"BenchmarkTest00736.java","true"
"BenchmarkTest00820.java","true"
"BenchmarkTest00821.java","true"
"BenchmarkTest00903.java","true"
"BenchmarkTest00904.java","false"
"BenchmarkTest00977.java","true"
"BenchmarkTest01061.java","true"
"BenchmarkTest01062.java","false"
"BenchmarkTest01134.java","true"
"BenchmarkTest01185.java","true"
"BenchmarkTest01186.java","true"
"BenchmarkTest01187.java","true"
"BenchmarkTest01280.java","true"
"BenchmarkTest01281.java","true"
"BenchmarkTest01282.java","true"
"BenchmarkTest01283.java","true"
"BenchmarkTest01359.java","false"
"BenchmarkTest01436.java","false"
"BenchmarkTest01521.java","true"
"BenchmarkTest01522.java","false"
"BenchmarkTest01523.java","false"
"BenchmarkTest01524.java","false"
"BenchmarkTest01604.java","false"
"BenchmarkTest01605.java","false"
"BenchmarkTest01682.java","true"
"BenchmarkTest01683.java","true"
"BenchmarkTest01684.java","false"
"BenchmarkTest01789.java","true"
"BenchmarkTest01861.java","true"
"BenchmarkTest01862.java","false"
"BenchmarkTest01863.java","false"
"BenchmarkTest01935.java","false"
"BenchmarkTest02005.java","true"
"BenchmarkTest02006.java","false"
"BenchmarkTest02064.java","false"
"BenchmarkTest02065.java","false"
"BenchmarkTest02066.java","false"
"BenchmarkTest02142.java","true"
"BenchmarkTest02143.java","false"
"BenchmarkTest02144.java","false"
"BenchmarkTest02247.java","false"
"BenchmarkTest02248.java","false"
"BenchmarkTest02339.java","true"
"BenchmarkTest02427.java","true"
"BenchmarkTest02507.java","true"
"BenchmarkTest02508.java","false"
"BenchmarkTest02607.java","false"
"BenchmarkTest02709.java","true"
"BenchmarkTest02710.java","true"
"BenchmarkTest02711.java","false"
