"BenchmarkTest00013-PDG-DATA.json","true"
"BenchmarkTest00014-PDG-DATA.json","true"
"BenchmarkTest00030-PDG-DATA.json","true"
"BenchmarkTest00036-PDG-DATA.json","true"
"BenchmarkTest00041-PDG-DATA.json","true"
"BenchmarkTest00047-PDG-DATA.json","true"
"BenchmarkTest00048-PDG-DATA.json","true"
"BenchmarkTest00049-PDG-DATA.json","true"
"BenchmarkTest00144-PDG-DATA.json","true"
"BenchmarkTest00145-PDG-DATA.json","true"
"BenchmarkTest00146-PDG-DATA.json","true"
"BenchmarkTest00147-PDG-DATA.json","true"
"BenchmarkTest00148-PDG-DATA.json","true"
"BenchmarkTest00149-PDG-DATA.json","true"
"BenchmarkTest00150-PDG-DATA.json","true"
"BenchmarkTest00151-PDG-DATA.json","true"
"BenchmarkTest00152-PDG-DATA.json","true"
"BenchmarkTest00153-PDG-DATA.json","true"
"BenchmarkTest00154-PDG-DATA.json","true"
"BenchmarkTest00155-PDG-DATA.json","true"
"BenchmarkTest00156-PDG-DATA.json","true"
"BenchmarkTest00157-PDG-DATA.json","true"
"BenchmarkTest00275-PDG-DATA.json","true"
"BenchmarkTest00276-PDG-DATA.json","true"
"BenchmarkTest00277-PDG-DATA.json","true"
"BenchmarkTest00278-PDG-DATA.json","true"
"BenchmarkTest00279-PDG-DATA.json","true"
"BenchmarkTest00280-PDG-DATA.json","true"
"BenchmarkTest00281-PDG-DATA.json","true"
"BenchmarkTest00282-PDG-DATA.json","true"
"BenchmarkTest00283-PDG-DATA.json","true"
"BenchmarkTest00284-PDG-DATA.json","true"
"BenchmarkTest00285-PDG-DATA.json","true"
"BenchmarkTest00286-PDG-DATA.json","true"
"BenchmarkTest00287-PDG-DATA.json","true"
"BenchmarkTest00288-PDG-DATA.json","true"
"BenchmarkTest00289-PDG-DATA.json","true"
"BenchmarkTest00290-PDG-DATA.json","true"
"BenchmarkTest00291-PDG-DATA.json","true"
"BenchmarkTest00292-PDG-DATA.json","true"
"BenchmarkTest00301-PDG-DATA.json","true"
"BenchmarkTest00375-PDG-DATA.json","true"
"BenchmarkTest00376-PDG-DATA.json","true"
"BenchmarkTest00377-PDG-DATA.json","true"
"BenchmarkTest00378-PDG-DATA.json","true"
"BenchmarkTest00379-PDG-DATA.json","true"
"BenchmarkTest00380-PDG-DATA.json","true"
"BenchmarkTest00381-PDG-DATA.json","true"
"BenchmarkTest00382-PDG-DATA.json","true"
"BenchmarkTest00383-PDG-DATA.json","true"
"BenchmarkTest00384-PDG-DATA.json","true"
"BenchmarkTest00385-PDG-DATA.json","true"
"BenchmarkTest00386-PDG-DATA.json","true"
"BenchmarkTest00387-PDG-DATA.json","true"
"BenchmarkTest00388-PDG-DATA.json","true"
"BenchmarkTest00389-PDG-DATA.json","false"
"BenchmarkTest00390-PDG-DATA.json","true"
"BenchmarkTest00391-PDG-DATA.json","true"
"BenchmarkTest00392-PDG-DATA.json","true"
"BenchmarkTest00393-PDG-DATA.json","true"
"BenchmarkTest00394-PDG-DATA.json","true"
"BenchmarkTest00395-PDG-DATA.json","true"
"BenchmarkTest00467-PDG-DATA.json","true"
"BenchmarkTest00468-PDG-DATA.json","true"
"BenchmarkTest00469-PDG-DATA.json","true"
"BenchmarkTest00470-PDG-DATA.json","true"
"BenchmarkTest00471-PDG-DATA.json","true"
"BenchmarkTest00472-PDG-DATA.json","true"
"BenchmarkTest00473-PDG-DATA.json","true"
"BenchmarkTest00474-PDG-DATA.json","true"
"BenchmarkTest00475-PDG-DATA.json","true"
"BenchmarkTest00476-PDG-DATA.json","true"
"BenchmarkTest00477-PDG-DATA.json","true"
"BenchmarkTest00478-PDG-DATA.json","true"
"BenchmarkTest00479-PDG-DATA.json","true"
"BenchmarkTest00492-PDG-DATA.json","true"
"BenchmarkTest00493-PDG-DATA.json","true"
"BenchmarkTest00541-PDG-DATA.json","true"
"BenchmarkTest00542-PDG-DATA.json","true"
"BenchmarkTest00543-PDG-DATA.json","true"
"BenchmarkTest00544-PDG-DATA.json","true"
"BenchmarkTest00545-PDG-DATA.json","true"
"BenchmarkTest00546-PDG-DATA.json","true"
"BenchmarkTest00547-PDG-DATA.json","true"
"BenchmarkTest00548-PDG-DATA.json","true"
"BenchmarkTest00549-PDG-DATA.json","true"
"BenchmarkTest00550-PDG-DATA.json","true"
"BenchmarkTest00551-PDG-DATA.json","true"
"BenchmarkTest00552-PDG-DATA.json","true"
"BenchmarkTest00553-PDG-DATA.json","true"
"BenchmarkTest00554-PDG-DATA.json","true"
"BenchmarkTest00555-PDG-DATA.json","true"
"BenchmarkTest00556-PDG-DATA.json","true"
"BenchmarkTest00557-PDG-DATA.json","true"
"BenchmarkTest00642-PDG-DATA.json","true"
"BenchmarkTest00643-PDG-DATA.json","true"
"BenchmarkTest00644-PDG-DATA.json","true"
"BenchmarkTest00645-PDG-DATA.json","true"
"BenchmarkTest00646-PDG-DATA.json","true"
"BenchmarkTest00647-PDG-DATA.json","true"
"BenchmarkTest00648-PDG-DATA.json","false"
"BenchmarkTest00649-PDG-DATA.json","true"
"BenchmarkTest00650-PDG-DATA.json","true"
"BenchmarkTest00651-PDG-DATA.json","true"
"BenchmarkTest00656-PDG-DATA.json","true"
"BenchmarkTest00711-PDG-DATA.json","true"
"BenchmarkTest00712-PDG-DATA.json","true"
"BenchmarkTest00713-PDG-DATA.json","false"
"BenchmarkTest00714-PDG-DATA.json","true"
"BenchmarkTest00715-PDG-DATA.json","true"
"BenchmarkTest00716-PDG-DATA.json","true"
"BenchmarkTest00717-PDG-DATA.json","true"
"BenchmarkTest00718-PDG-DATA.json","true"
"BenchmarkTest00719-PDG-DATA.json","true"
"BenchmarkTest00720-PDG-DATA.json","true"
"BenchmarkTest00721-PDG-DATA.json","true"
"BenchmarkTest00722-PDG-DATA.json","true"
"BenchmarkTest00723-PDG-DATA.json","true"
"BenchmarkTest00724-PDG-DATA.json","true"
"BenchmarkTest00725-PDG-DATA.json","true"
"BenchmarkTest00726-PDG-DATA.json","true"
"BenchmarkTest00727-PDG-DATA.json","true"
"BenchmarkTest00728-PDG-DATA.json","true"
"BenchmarkTest00729-PDG-DATA.json","true"
"BenchmarkTest00730-PDG-DATA.json","true"
"BenchmarkTest00737-PDG-DATA.json","false"
"BenchmarkTest00799-PDG-DATA.json","true"
"BenchmarkTest00800-PDG-DATA.json","true"
"BenchmarkTest00801-PDG-DATA.json","true"
"BenchmarkTest00802-PDG-DATA.json","true"
"BenchmarkTest00803-PDG-DATA.json","true"
"BenchmarkTest00804-PDG-DATA.json","true"
"BenchmarkTest00805-PDG-DATA.json","false"
"BenchmarkTest00806-PDG-DATA.json","true"
"BenchmarkTest00807-PDG-DATA.json","true"
"BenchmarkTest00808-PDG-DATA.json","true"
"BenchmarkTest00809-PDG-DATA.json","true"
"BenchmarkTest00810-PDG-DATA.json","true"
"BenchmarkTest00811-PDG-DATA.json","true"
"BenchmarkTest00812-PDG-DATA.json","true"
"BenchmarkTest00813-PDG-DATA.json","true"
"BenchmarkTest00822-PDG-DATA.json","true"
"BenchmarkTest00879-PDG-DATA.json","true"
"BenchmarkTest00880-PDG-DATA.json","true"
"BenchmarkTest00881-PDG-DATA.json","true"
"BenchmarkTest00882-PDG-DATA.json","true"
"BenchmarkTest00883-PDG-DATA.json","true"
"BenchmarkTest00884-PDG-DATA.json","true"
"BenchmarkTest00885-PDG-DATA.json","true"
"BenchmarkTest00886-PDG-DATA.json","true"
"BenchmarkTest00887-PDG-DATA.json","true"
"BenchmarkTest00888-PDG-DATA.json","true"
"BenchmarkTest00889-PDG-DATA.json","true"
"BenchmarkTest00890-PDG-DATA.json","true"
"BenchmarkTest00891-PDG-DATA.json","true"
"BenchmarkTest00892-PDG-DATA.json","true"
"BenchmarkTest00893-PDG-DATA.json","true"
"BenchmarkTest00894-PDG-DATA.json","true"
"BenchmarkTest01046-PDG-DATA.json","true"
"BenchmarkTest01047-PDG-DATA.json","true"
"BenchmarkTest01048-PDG-DATA.json","true"
"BenchmarkTest01049-PDG-DATA.json","true"
"BenchmarkTest01050-PDG-DATA.json","true"
"BenchmarkTest01051-PDG-DATA.json","true"
"BenchmarkTest01052-PDG-DATA.json","true"
"BenchmarkTest01053-PDG-DATA.json","true"
"BenchmarkTest01054-PDG-DATA.json","true"
"BenchmarkTest01055-PDG-DATA.json","true"
"BenchmarkTest01056-PDG-DATA.json","true"
"BenchmarkTest01057-PDG-DATA.json","true"
"BenchmarkTest01063-PDG-DATA.json","true"
"BenchmarkTest01171-PDG-DATA.json","true"
"BenchmarkTest01172-PDG-DATA.json","true"
"BenchmarkTest01173-PDG-DATA.json","true"
"BenchmarkTest01174-PDG-DATA.json","true"
"BenchmarkTest01175-PDG-DATA.json","true"
"BenchmarkTest01176-PDG-DATA.json","true"
"BenchmarkTest01177-PDG-DATA.json","true"
"BenchmarkTest01178-PDG-DATA.json","true"
"BenchmarkTest01179-PDG-DATA.json","true"
"BenchmarkTest01180-PDG-DATA.json","true"
"BenchmarkTest01181-PDG-DATA.json","true"
"BenchmarkTest01188-PDG-DATA.json","true"
"BenchmarkTest01251-PDG-DATA.json","true"
"BenchmarkTest01252-PDG-DATA.json","true"
"BenchmarkTest01253-PDG-DATA.json","true"
"BenchmarkTest01254-PDG-DATA.json","true"
"BenchmarkTest01255-PDG-DATA.json","true"
"BenchmarkTest01256-PDG-DATA.json","true"
"BenchmarkTest01257-PDG-DATA.json","true"
"BenchmarkTest01258-PDG-DATA.json","true"
"BenchmarkTest01259-PDG-DATA.json","true"
"BenchmarkTest01260-PDG-DATA.json","true"
"BenchmarkTest01261-PDG-DATA.json","true"
"BenchmarkTest01262-PDG-DATA.json","true"
"BenchmarkTest01263-PDG-DATA.json","true"
"BenchmarkTest01264-PDG-DATA.json","true"
"BenchmarkTest01265-PDG-DATA.json","true"
"BenchmarkTest01266-PDG-DATA.json","true"
"BenchmarkTest01267-PDG-DATA.json","true"
"BenchmarkTest01268-PDG-DATA.json","true"
"BenchmarkTest01284-PDG-DATA.json","true"
"BenchmarkTest01335-PDG-DATA.json","true"
"BenchmarkTest01336-PDG-DATA.json","true"
"BenchmarkTest01337-PDG-DATA.json","true"
"BenchmarkTest01338-PDG-DATA.json","true"
"BenchmarkTest01339-PDG-DATA.json","true"
"BenchmarkTest01340-PDG-DATA.json","true"
"BenchmarkTest01341-PDG-DATA.json","true"
"BenchmarkTest01342-PDG-DATA.json","true"
"BenchmarkTest01343-PDG-DATA.json","true"
"BenchmarkTest01344-PDG-DATA.json","true"
"BenchmarkTest01345-PDG-DATA.json","true"
"BenchmarkTest01346-PDG-DATA.json","true"
"BenchmarkTest01347-PDG-DATA.json","true"
"BenchmarkTest01348-PDG-DATA.json","true"
"BenchmarkTest01349-PDG-DATA.json","true"
"BenchmarkTest01350-PDG-DATA.json","true"
"BenchmarkTest01351-PDG-DATA.json","true"
"BenchmarkTest01352-PDG-DATA.json","true"
"BenchmarkTest01417-PDG-DATA.json","true"
"BenchmarkTest01418-PDG-DATA.json","true"
"BenchmarkTest01419-PDG-DATA.json","true"
"BenchmarkTest01420-PDG-DATA.json","true"
"BenchmarkTest01421-PDG-DATA.json","true"
"BenchmarkTest01422-PDG-DATA.json","true"
"BenchmarkTest01423-PDG-DATA.json","true"
"BenchmarkTest01424-PDG-DATA.json","true"
"BenchmarkTest01425-PDG-DATA.json","true"
"BenchmarkTest01426-PDG-DATA.json","true"
"BenchmarkTest01427-PDG-DATA.json","true"
"BenchmarkTest01428-PDG-DATA.json","true"
"BenchmarkTest01429-PDG-DATA.json","true"
"BenchmarkTest01437-PDG-DATA.json","true"
"BenchmarkTest01438-PDG-DATA.json","true"
"BenchmarkTest01439-PDG-DATA.json","true"
"BenchmarkTest01505-PDG-DATA.json","true"
"BenchmarkTest01506-PDG-DATA.json","true"
"BenchmarkTest01507-PDG-DATA.json","true"
"BenchmarkTest01508-PDG-DATA.json","true"
"BenchmarkTest01509-PDG-DATA.json","true"
"BenchmarkTest01510-PDG-DATA.json","true"
"BenchmarkTest01511-PDG-DATA.json","true"
"BenchmarkTest01512-PDG-DATA.json","true"
"BenchmarkTest01513-PDG-DATA.json","true"
"BenchmarkTest01514-PDG-DATA.json","true"
"BenchmarkTest01515-PDG-DATA.json","true"
"BenchmarkTest01525-PDG-DATA.json","true"
"BenchmarkTest01583-PDG-DATA.json","true"
"BenchmarkTest01584-PDG-DATA.json","true"
"BenchmarkTest01585-PDG-DATA.json","true"
"BenchmarkTest01586-PDG-DATA.json","true"
"BenchmarkTest01587-PDG-DATA.json","true"
"BenchmarkTest01588-PDG-DATA.json","true"
"BenchmarkTest01589-PDG-DATA.json","true"
"BenchmarkTest01590-PDG-DATA.json","true"
"BenchmarkTest01591-PDG-DATA.json","true"
"BenchmarkTest01592-PDG-DATA.json","true"
"BenchmarkTest01593-PDG-DATA.json","true"
"BenchmarkTest01594-PDG-DATA.json","true"
"BenchmarkTest01595-PDG-DATA.json","true"
"BenchmarkTest01596-PDG-DATA.json","true"
"BenchmarkTest01597-PDG-DATA.json","true"
"BenchmarkTest01598-PDG-DATA.json","true"
"BenchmarkTest01599-PDG-DATA.json","true"
"BenchmarkTest01657-PDG-DATA.json","true"
"BenchmarkTest01658-PDG-DATA.json","true"
"BenchmarkTest01659-PDG-DATA.json","true"
"BenchmarkTest01660-PDG-DATA.json","true"
"BenchmarkTest01661-PDG-DATA.json","true"
"BenchmarkTest01662-PDG-DATA.json","true"
"BenchmarkTest01663-PDG-DATA.json","true"
"BenchmarkTest01664-PDG-DATA.json","true"
"BenchmarkTest01665-PDG-DATA.json","true"
"BenchmarkTest01666-PDG-DATA.json","true"
"BenchmarkTest01667-PDG-DATA.json","true"
"BenchmarkTest01668-PDG-DATA.json","true"
"BenchmarkTest01669-PDG-DATA.json","true"
"BenchmarkTest01670-PDG-DATA.json","true"
"BenchmarkTest01671-PDG-DATA.json","true"
"BenchmarkTest01767-PDG-DATA.json","true"
"BenchmarkTest01768-PDG-DATA.json","true"
"BenchmarkTest01769-PDG-DATA.json","true"
"BenchmarkTest01770-PDG-DATA.json","true"
"BenchmarkTest01771-PDG-DATA.json","true"
"BenchmarkTest01772-PDG-DATA.json","true"
"BenchmarkTest01773-PDG-DATA.json","true"
"BenchmarkTest01774-PDG-DATA.json","true"
"BenchmarkTest01775-PDG-DATA.json","true"
"BenchmarkTest01776-PDG-DATA.json","true"
"BenchmarkTest01777-PDG-DATA.json","true"
"BenchmarkTest01790-PDG-DATA.json","true"
"BenchmarkTest01914-PDG-DATA.json","true"
"BenchmarkTest01915-PDG-DATA.json","true"
"BenchmarkTest01916-PDG-DATA.json","true"
"BenchmarkTest01917-PDG-DATA.json","true"
"BenchmarkTest01918-PDG-DATA.json","true"
"BenchmarkTest01919-PDG-DATA.json","true"
"BenchmarkTest01920-PDG-DATA.json","true"
"BenchmarkTest01921-PDG-DATA.json","true"
"BenchmarkTest01922-PDG-DATA.json","true"
"BenchmarkTest01923-PDG-DATA.json","true"
"BenchmarkTest01924-PDG-DATA.json","true"
"BenchmarkTest01925-PDG-DATA.json","true"
"BenchmarkTest01926-PDG-DATA.json","true"
"BenchmarkTest01927-PDG-DATA.json","true"
"BenchmarkTest02045-PDG-DATA.json","true"
"BenchmarkTest02046-PDG-DATA.json","true"
"BenchmarkTest02047-PDG-DATA.json","true"
"BenchmarkTest02048-PDG-DATA.json","true"
"BenchmarkTest02049-PDG-DATA.json","true"
"BenchmarkTest02050-PDG-DATA.json","true"
"BenchmarkTest02051-PDG-DATA.json","true"
"BenchmarkTest02052-PDG-DATA.json","true"
"BenchmarkTest02053-PDG-DATA.json","true"
"BenchmarkTest02054-PDG-DATA.json","true"
"BenchmarkTest02055-PDG-DATA.json","true"
"BenchmarkTest02056-PDG-DATA.json","true"
"BenchmarkTest02057-PDG-DATA.json","true"
"BenchmarkTest02122-PDG-DATA.json","true"
"BenchmarkTest02123-PDG-DATA.json","true"
"BenchmarkTest02124-PDG-DATA.json","true"
"BenchmarkTest02125-PDG-DATA.json","true"
"BenchmarkTest02126-PDG-DATA.json","true"
"BenchmarkTest02127-PDG-DATA.json","true"
"BenchmarkTest02128-PDG-DATA.json","true"
"BenchmarkTest02129-PDG-DATA.json","true"
"BenchmarkTest02130-PDG-DATA.json","true"
"BenchmarkTest02131-PDG-DATA.json","true"
"BenchmarkTest02132-PDG-DATA.json","true"
"BenchmarkTest02133-PDG-DATA.json","true"
"BenchmarkTest02134-PDG-DATA.json","true"
"BenchmarkTest02135-PDG-DATA.json","true"
"BenchmarkTest02136-PDG-DATA.json","true"
"BenchmarkTest02145-PDG-DATA.json","true"
"BenchmarkTest02221-PDG-DATA.json","true"
"BenchmarkTest02222-PDG-DATA.json","true"
"BenchmarkTest02223-PDG-DATA.json","true"
"BenchmarkTest02224-PDG-DATA.json","true"
"BenchmarkTest02225-PDG-DATA.json","true"
"BenchmarkTest02226-PDG-DATA.json","true"
"BenchmarkTest02227-PDG-DATA.json","true"
"BenchmarkTest02228-PDG-DATA.json","true"
"BenchmarkTest02229-PDG-DATA.json","true"
"BenchmarkTest02230-PDG-DATA.json","true"
"BenchmarkTest02231-PDG-DATA.json","true"
"BenchmarkTest02232-PDG-DATA.json","true"
"BenchmarkTest02233-PDG-DATA.json","true"
"BenchmarkTest02234-PDG-DATA.json","true"
"BenchmarkTest02235-PDG-DATA.json","true"
"BenchmarkTest02236-PDG-DATA.json","true"
"BenchmarkTest02237-PDG-DATA.json","true"
"BenchmarkTest02238-PDG-DATA.json","true"
"BenchmarkTest02239-PDG-DATA.json","true"
"BenchmarkTest02240-PDG-DATA.json","true"
"BenchmarkTest02241-PDG-DATA.json","true"
"BenchmarkTest02313-PDG-DATA.json","true"
"BenchmarkTest02314-PDG-DATA.json","true"
"BenchmarkTest02315-PDG-DATA.json","true"
"BenchmarkTest02316-PDG-DATA.json","true"
"BenchmarkTest02317-PDG-DATA.json","true"
"BenchmarkTest02318-PDG-DATA.json","true"
"BenchmarkTest02319-PDG-DATA.json","true"
"BenchmarkTest02320-PDG-DATA.json","true"
"BenchmarkTest02321-PDG-DATA.json","true"
"BenchmarkTest02322-PDG-DATA.json","true"
"BenchmarkTest02323-PDG-DATA.json","true"
"BenchmarkTest02324-PDG-DATA.json","true"
"BenchmarkTest02325-PDG-DATA.json","true"
"BenchmarkTest02326-PDG-DATA.json","true"
"BenchmarkTest02327-PDG-DATA.json","true"
"BenchmarkTest02328-PDG-DATA.json","true"
"BenchmarkTest02329-PDG-DATA.json","true"
"BenchmarkTest02330-PDG-DATA.json","true"
"BenchmarkTest02331-PDG-DATA.json","true"
"BenchmarkTest02332-PDG-DATA.json","true"
"BenchmarkTest02394-PDG-DATA.json","true"
"BenchmarkTest02395-PDG-DATA.json","true"
"BenchmarkTest02396-PDG-DATA.json","true"
"BenchmarkTest02397-PDG-DATA.json","true"
"BenchmarkTest02398-PDG-DATA.json","true"
"BenchmarkTest02399-PDG-DATA.json","true"
"BenchmarkTest02400-PDG-DATA.json","true"
"BenchmarkTest02401-PDG-DATA.json","true"
"BenchmarkTest02402-PDG-DATA.json","true"
"BenchmarkTest02403-PDG-DATA.json","true"
"BenchmarkTest02404-PDG-DATA.json","true"
"BenchmarkTest02405-PDG-DATA.json","true"
"BenchmarkTest02406-PDG-DATA.json","true"
"BenchmarkTest02407-PDG-DATA.json","true"
"BenchmarkTest02408-PDG-DATA.json","true"
"BenchmarkTest02409-PDG-DATA.json","true"
"BenchmarkTest02410-PDG-DATA.json","true"
"BenchmarkTest02480-PDG-DATA.json","true"
"BenchmarkTest02481-PDG-DATA.json","true"
"BenchmarkTest02482-PDG-DATA.json","true"
"BenchmarkTest02483-PDG-DATA.json","true"
"BenchmarkTest02484-PDG-DATA.json","true"
"BenchmarkTest02485-PDG-DATA.json","true"
"BenchmarkTest02486-PDG-DATA.json","true"
"BenchmarkTest02487-PDG-DATA.json","true"
"BenchmarkTest02488-PDG-DATA.json","true"
"BenchmarkTest02489-PDG-DATA.json","true"
"BenchmarkTest02490-PDG-DATA.json","true"
"BenchmarkTest02491-PDG-DATA.json","true"
"BenchmarkTest02492-PDG-DATA.json","true"
"BenchmarkTest02493-PDG-DATA.json","true"
"BenchmarkTest02494-PDG-DATA.json","true"
"BenchmarkTest02495-PDG-DATA.json","true"
"BenchmarkTest02509-PDG-DATA.json","true"
"BenchmarkTest02578-PDG-DATA.json","true"
"BenchmarkTest02579-PDG-DATA.json","true"
"BenchmarkTest02580-PDG-DATA.json","true"
"BenchmarkTest02581-PDG-DATA.json","true"
"BenchmarkTest02582-PDG-DATA.json","true"
"BenchmarkTest02583-PDG-DATA.json","true"
"BenchmarkTest02584-PDG-DATA.json","true"
"BenchmarkTest02585-PDG-DATA.json","true"
"BenchmarkTest02586-PDG-DATA.json","true"
"BenchmarkTest02587-PDG-DATA.json","true"
"BenchmarkTest02588-PDG-DATA.json","true"
"BenchmarkTest02589-PDG-DATA.json","true"
"BenchmarkTest02590-PDG-DATA.json","true"
"BenchmarkTest02591-PDG-DATA.json","true"
"BenchmarkTest02592-PDG-DATA.json","true"
"BenchmarkTest02593-PDG-DATA.json","true"
"BenchmarkTest02594-PDG-DATA.json","true"
"BenchmarkTest02595-PDG-DATA.json","true"
"BenchmarkTest02596-PDG-DATA.json","true"
"BenchmarkTest02597-PDG-DATA.json","true"
"BenchmarkTest02598-PDG-DATA.json","true"
"BenchmarkTest02599-PDG-DATA.json","true"
"BenchmarkTest02600-PDG-DATA.json","true"
"BenchmarkTest02601-PDG-DATA.json","true"
"BenchmarkTest02608-PDG-DATA.json","true"
"BenchmarkTest02609-PDG-DATA.json","true"
"BenchmarkTest02679-PDG-DATA.json","true"
"BenchmarkTest02680-PDG-DATA.json","true"
"BenchmarkTest02681-PDG-DATA.json","true"
"BenchmarkTest02682-PDG-DATA.json","true"
"BenchmarkTest02683-PDG-DATA.json","true"
"BenchmarkTest02684-PDG-DATA.json","true"
"BenchmarkTest02685-PDG-DATA.json","true"
"BenchmarkTest02686-PDG-DATA.json","true"
"BenchmarkTest02687-PDG-DATA.json","true"
"BenchmarkTest02688-PDG-DATA.json","true"
"BenchmarkTest02689-PDG-DATA.json","true"
"BenchmarkTest02690-PDG-DATA.json","true"
"BenchmarkTest02691-PDG-DATA.json","true"
"BenchmarkTest02692-PDG-DATA.json","true"
"BenchmarkTest02693-PDG-DATA.json","true"
"BenchmarkTest02694-PDG-DATA.json","true"
"BenchmarkTest02695-PDG-DATA.json","true"
"BenchmarkTest02696-PDG-DATA.json","true"
"BenchmarkTest02712-PDG-DATA.json","true"
